unitKind,displayName,faction,size,mobility,armorFront,armorFrontSide,armorRearSide,armorRear,gunMantletArmor,firepower,penetration,highExplosivePower,shootingPortHitThreshold,effectiveRange,turretTraverseSpeed,usCasualtyDice,visionRange,gunnerVisionRange,interiorVisionRange,hasRadio,moveSound,attackSound,commanderSpritePath,visionType,damageTargetClass,infantryTankCoordination,action_table,crewMembers,crewRoleAssignments,notes
单位类型ID,显示名称,阵营,尺寸,机动,正面装甲,正面侧装甲,后侧装甲,后装甲,炮盾装甲,基础火力值,穿甲值,高爆威力,射击孔命中基准,有效射程,炮塔转向速度,美军伤亡骰,视野范围,炮手视野范围,车内视野范围,是否有无线电,移动音效,攻击音效,车长精灵图路径,视野类型,伤害目标类别,步坦协同,行动表,乘员编号,兼任职责映射,备注
sherman,谢尔曼 M4,usa,4,3,11,10,9,8,0,6,2,2,,2,4,0,4,4,1,1,audio/tank_move,audio/cannon_fire,textures/units/sherman_commander_hatch_open_v2/spriteFrame,turreted,us_tank,1,attack=attack1|move=move1|misc=misc1,1|2|3|4|5,,谢尔曼基准史实方案；火力值表示装填与人机效率
sherman76,谢尔曼 76,usa,4,3,11,10,9,8,0,6,4,1,,3,4,0,4,4,1,1,audio/tank_move,audio/cannon_fire,textures/units/sherman_commander_hatch_open_v2/spriteFrame,turreted,us_tank,1,attack=attack1|move=move1|misc=misc1,1|2|3|4|5,,谢尔曼基准史实方案；火力值表示装填与人机效率
sherman_jumbo,谢尔曼巨无霸 M4A3E2,usa,4,2,14,12,10,8,1,6,2,2,,2,4,0,4,4,1,1,audio/tank_move,audio/cannon_fire,textures/units/sherman_commander_hatch_open_v2/spriteFrame,turreted,us_tank,1,attack=attack1|move=move1|misc=misc1,1|2|3|4|5,,谢尔曼基准史实方案；火力值表示装填与人机效率
m26_pershing,M26 潘兴,usa,3,2,13,11,10,9,1,5,5,3,,4,3,0,4,4,1,1,audio/tank_move,audio/cannon_fire,textures/units/sherman_commander_hatch_open_v2/spriteFrame,turreted,us_tank,1,attack=attack1|move=move1|misc=misc1,1|2|3|4|5,,欧洲战场普通M26；90毫米M3主炮；现有美术保留
t34,T-34/76,soviet,5,4,11,10,9,9,0,4,2,2,,2,3,0,4,4,1,1,audio/tank_move,audio/cannon_fire,textures/units/soviet_commander_hatch_open/spriteFrame,turreted,us_tank,1,attack=attack1|move=move1|misc=misc1,1|3|4|5,gunner=1,谢尔曼基准史实方案；火力值表示装填与人机效率
t34_85,T-34/85,soviet,4,4,11,10,9,9,1,5,4,3,,3,3,0,4,4,1,1,audio/tank_move,audio/cannon_fire,textures/units/soviet_commander_hatch_open/spriteFrame,turreted,us_tank,1,attack=attack1|move=move1|misc=misc1,1|2|3|4|5,,谢尔曼基准史实方案；火力值表示装填与人机效率
su152,SU-152 突击炮,soviet,4,2,11,10,10,10,0,3,5,6,,3,0,0,4,4,1,1,audio/tank_move,audio/cannon_fire,textures/units/soviet_commander_hatch_open/spriteFrame,fixed,us_tank,1,attack=attack1|move=move1|misc=misc1,1|2|3|4|6,loader=3|6,谢尔曼基准史实方案；火力值表示装填与人机效率
tiger,虎式,german,3,2,13,12,11,11,0,5,5,3,,4,2,0,4,4,1,1,audio/tank_move,audio/cannon_fire,textures/units/german_commander_hatch_open/spriteFrame,turreted,german_tank,1,attack=attack1|move=move1|misc=misc1,1|2|3|4|5,,谢尔曼基准史实方案；火力值表示装填与人机效率
tigerking,虎王坦克,german,2,2,16,13,11,11,0,4,8,3,,5,2,0,4,4,1,1,audio/tank_move,audio/cannon_fire,textures/units/german_commander_hatch_open/spriteFrame,turreted,german_tank,1,attack=attack1|move=move1|misc=misc1,1|2|3|4|5,,谢尔曼基准史实方案；火力值表示装填与人机效率
maus,鼠式坦克,german,0,1,18,17,16,16,0,3,9,5,,5,1,0,4,4,1,1,audio/tank_move,audio/cannon_fire,textures/units/german_commander_hatch_open/spriteFrame,turreted,german_tank,1,attack=attack1|move=move1|misc=misc1,1|2|3|4|5|6,loader=3|6,鼠式试验车；六人车组含两名装填手
panther,豹式坦克,german,3,3,14,11,9,8,0,5,6,2,,4,3,0,4,4,1,1,audio/tank_move,audio/cannon_fire,textures/units/german_commander_hatch_open/spriteFrame,turreted,german_tank,1,attack=attack1|move=move1|misc=misc1,1|2|3|4|5,,谢尔曼基准史实方案；火力值表示装填与人机效率
panzer4,四号坦克G型,german,4,3,11,9,8,7,0,6,4,2,,3,3,0,4,4,1,1,audio/tank_move,audio/cannon_fire,textures/units/german_commander_hatch_open/spriteFrame,turreted,german_tank,1,attack=attack1|move=move1|misc=misc1,1|2|3|4|5,,按后期加强装甲G型配置
stug3,三号突击炮G型,german,6,3,11,9,8,7,0,5,4,2,,3,0,0,4,4,1,1,audio/tank_move,audio/cannon_fire,textures/units/german_commander_hatch_open/spriteFrame,fixed,german_tank,1,attack=attack1|move=move1|misc=misc1,1|2|3|4,,谢尔曼基准史实方案；火力值表示装填与人机效率
panzer3,三号坦克,german,5,3,10,9,8,8,0,6,1,1,,2,3,0,4,4,1,1,audio/tank_move,audio/cannon_fire,textures/units/german_commander_hatch_open/spriteFrame,turreted,german_tank,1,attack=attack1|move=move1|misc=misc1,1|2|3|4|5,,按短50毫米炮型配置
truck,卡车,german,4,,2,2,2,2,0,0,0,0,,0,0,0,4,4,1,1,audio/tank_move,,,fixed,destroyed,0,,4,,占位 - 后续按特殊规则结算
infantry,步兵,german,2,,0,0,0,0,0,0,1,0,,1,0,0,3,4,1,1,,,,infantry,destroyed,0,,,,占位 - 仅事件中作为攻击方
german_infantry,德军步兵,german,2,,0,0,0,0,0,0,1,0,,1,0,0,3,4,1,1,,,,infantry,destroyed,0,,,,德军步兵；保留 infantry 作为旧关卡兼容配置
soviet_infantry,苏军步兵,soviet,2,,0,0,0,0,0,0,1,0,,1,0,0,3,4,1,0,,,,infantry,destroyed,0,,,,苏军步兵；未装备无线电，仅可与同格友方坦克共享视野
officer,军官,german,2,,0,0,0,0,0,0,1,0,,1,0,0,3,4,1,1,,,,infantry,destroyed,0,,,,任务 8：高级军官（与步兵同属徒步类，但 kind 独立避免与 spawn 步兵混淆）
type95,九五式轻战车,japanese,6,3,5,5,4,4,0,3,0,0,,1,2,1,4,4,1,1,audio/tank_move,audio/cannon_fire,textures/units/japanese_commander_hatch_open/spriteFrame,turreted,destroyed,1,attack=attack1|move=move1|misc=misc1,1|4|5,gunner=1;loader=1,谢尔曼基准史实方案；火力值表示装填与人机效率；37毫米高爆弹降为HE0；0代表最弱高爆档而非无高爆弹
type97,九七式中战车,japanese,5,3,7,6,5,5,0,4,0,1,,1,2,1,4,4,1,1,audio/tank_move,audio/cannon_fire,textures/units/japanese_commander_hatch_open/spriteFrame,turreted,destroyed,1,attack=attack1|move=move1|misc=misc1,1|3|4|5,gunner=1,原型九七式；57毫米主炮；车长兼炮手
type4,四式中战车,japanese,3,3,11,9,8,7,0,5,4,2,,3,3,0,4,4,1,1,audio/tank_move,audio/cannon_fire,textures/units/japanese_commander_hatch_open/spriteFrame,turreted,german_tank,1,attack=attack1|move=move1|misc=misc1,1|2|3|4|5,,四式试制型；未实战验证
at_gun,反坦克炮,japanese,8,,4,4,2,2,0,6,1,0,,2,2,1,4,4,1,1,,audio/cannon_fire,,fixed,destroyed,0,attack=at_gun1|move=at_gun1|misc=at_gun1,,,谢尔曼基准史实方案；火力值表示装填与人机效率；尺寸表示AP有效命中难度；HE本体与炮组独立判定；按一式47毫米反坦克炮；HE弹装药87克；HE0仍可杀伤与压制
pak38,pak38,german,8,,4,4,2,2,0,6,2,1,,2,2,1,4,4,1,1,,audio/cannon_fire,,fixed,destroyed,0,attack=at_gun1|move=at_gun1|misc=at_gun1,,,谢尔曼基准史实方案；火力值表示装填与人机效率；尺寸表示AP有效命中难度；HE本体与炮组独立判定
japanese_infantry,日本步兵,japanese,2,,0,0,0,0,0,0,1,0,,1,0,1,3,4,1,0,,,,infantry,destroyed,0,attack=japanese_infantry1|move=japanese_infantry1|misc=japanese_infantry1,,,Pacific: Japanese Infantry; no radio
american_infantry,美军步兵,usa,2,,0,0,0,0,0,0,1,0,,1,0,1,3,4,1,1,,,,infantry,destroyed,0,attack=american_infantry1|move=american_infantry1|misc=american_infantry1,,,US AI support infantry; equipped with radio
heavy_artillery,重炮,japanese,3,,14,13,12,11,0,3,4,4,10,4,2,2,4,4,1,1,,audio/cannon_fire,,fixed,heavy_artillery,0,attack=heavy_artillery1|move=heavy_artillery1|misc=heavy_artillery1,,,Pacific: Heavy Artillery；射击孔仅正面±30度；HE4为未指定口径的中重型火炮抽象
german_heavy_artillery,重炮,german,3,,14,13,12,11,0,3,4,4,10,4,2,2,4,4,1,1,,audio/cannon_fire,,fixed,heavy_artillery,0,attack=heavy_artillery1|move=heavy_artillery1|misc=heavy_artillery1,,,German heavy-artillery bunker; stats and AI mirror Japanese Heavy Artillery；射击孔仅正面±30度；HE4为未指定口径的中重型火炮抽象
panzer3_m,三号坦克M型,german,5,3,11,9,8,8,0,6,2,1,,2,3,0,4,4,1,1,audio/tank_move,audio/cannon_fire,textures/units/german_commander_hatch_open/spriteFrame,turreted,german_tank,1,attack=attack1|move=move1|misc=misc1,1|2|3|4|5,,谢尔曼基准史实方案；火力值表示装填与人机效率
flak88,88mm高射炮,german,8,0,4,4,2,2,0,6,5,3,,4,2,1,4,4,1,1,,audio/cannon_fire,,turreted,destroyed,0,attack=at_gun1|move=at_gun1|misc=at_gun1,,,谢尔曼基准史实方案；火力值表示装填与人机效率；尺寸表示AP有效命中难度；HE本体与炮组独立判定
